stock_code,trade_time,trade_date,open,close,high,low,volume,amount,change_pct,change,turnover_ratio,pre_close
000001,2023-01-03 00:00:00,2023-01-03,11.95,12.52,12.6,11.8,219412800,2971546989.04,5.12,0.61,1.13,11.91
000001,2023-01-04 00:00:00,2023-01-04,12.46,13.07,13.17,12.38,218968300,3110729449.03,4.39,0.55,1.13,12.52
000001,2023-01-05 00:00:00,2023-01-05,13.15,13.23,13.49,13.12,166542500,2417272355.99,1.22,0.16,0.86,13.07
000001,2023-01-06 00:00:00,2023-01-06,13.25,13.37,13.47,13.23,119574500,1747915169.26,1.06,0.14,0.62,13.23
000001,2023-01-09 00:00:00,2023-01-09,13.5,13.55,13.63,13.27,105765900,1561368487.3,1.35,0.18,0.55,13.37
000001,2023-01-10 00:00:00,2023-01-10,13.51,13.19,13.64,13.14,126942300,1851093716.76,-2.66,-0.36,0.65,13.55
000001,2023-01-11 00:00:00,2023-01-11,13.2,13.42,13.53,13.14,83056600,1217450811.64,1.74,0.23,0.43,13.19
000001,2023-01-12 00:00:00,2023-01-12,13.52,13.42,13.52,13.28,62569500,914367699.65,0.0,0.0,0.32,13.42
000001,2023-01-13 00:00:00,2023-01-13,13.42,13.7,13.7,13.3,94908600,1407181074.29,2.09,0.28,0.49,13.42
000001,2023-01-16 00:00:00,2023-01-16,13.7,13.83,14.03,13.6,156004000,2356399992.83,0.95,0.13,0.8,13.7
000001,2023-01-17 00:00:00,2023-01-17,13.88,13.72,13.93,13.52,93583500,1396151514.52,-0.8,-0.11,0.48,13.83
000001,2023-01-18 00:00:00,2023-01-18,13.7,13.86,13.93,13.66,71843400,1083362997.53,1.02,0.14,0.37,13.72
000001,2023-01-19 00:00:00,2023-01-19,13.88,13.84,14.0,13.62,64187500,963744633.47,-0.14,-0.02,0.33,13.86
000001,2023-01-20 00:00:00,2023-01-20,13.91,13.88,13.99,13.75,60859000,920144805.73,0.29,0.04,0.31,13.84
000001,2023-01-30 00:00:00,2023-01-30,14.35,13.9,14.49,13.64,137431800,2096867649.37,0.14,0.02,0.71,13.88
000001,2023-01-31 00:00:00,2023-01-31,13.99,13.74,14.26,13.71,103049800,1568639326.21,-1.15,-0.16,0.53,13.9
000001,2023-02-01 00:00:00,2023-02-01,13.78,13.45,13.83,13.26,165342100,2426471972.52,-2.11,-0.29,0.85,13.74
000001,2023-02-02 00:00:00,2023-02-02,13.49,13.35,13.53,13.02,157790000,2280744883.13,-0.74,-0.1,0.81,13.45
000001,2023-02-03 00:00:00,2023-02-03,13.2,13.07,13.3,12.91,124638300,1782105890.79,-2.1,-0.28,0.64,13.35
000001,2023-02-06 00:00:00,2023-02-06,12.85,12.75,12.88,12.61,131761000,1838428709.03,-2.45,-0.32,0.68,13.07
000001,2023-02-07 00:00:00,2023-02-07,12.81,12.96,13.07,12.78,86946000,1235297762.54,1.65,0.21,0.45,12.75
000001,2023-02-08 00:00:00,2023-02-08,12.99,12.79,13.07,12.78,65789300,928708933.85,-1.31,-0.17,0.34,12.96
000001,2023-02-09 00:00:00,2023-02-09,12.76,12.88,13.05,12.71,83035000,1174361963.28,0.7,0.09,0.43,12.79
000001,2023-02-10 00:00:00,2023-02-10,12.85,12.73,12.87,12.61,84728400,1184283386.2,-1.16,-0.15,0.44,12.88
000001,2023-02-13 00:00:00,2023-02-13,12.69,12.57,12.69,12.35,180005400,2473405202.92,-1.26,-0.16,0.93,12.73
000001,2023-02-14 00:00:00,2023-02-14,12.6,12.71,12.73,12.55,90993700,1263892077.72,1.11,0.14,0.47,12.57
000001,2023-02-15 00:00:00,2023-02-15,12.7,12.42,12.71,12.37,125024400,1713566672.72,-2.28,-0.29,0.64,12.71
000001,2023-02-16 00:00:00,2023-02-16,12.43,12.35,12.66,12.25,127912300,1757431083.85,-0.56,-0.07,0.66,12.42
000001,2023-02-17 00:00:00,2023-02-17,12.38,12.18,12.47,12.18,91836400,1246777397.11,-1.38,-0.17,0.47,12.35
000001,2023-02-20 00:00:00,2023-02-20,12.25,12.9,12.9,12.24,211619100,2945969773.39,5.91,0.72,1.09,12.18
000001,2023-02-21 00:00:00,2023-02-21,12.81,12.85,12.95,12.67,99049500,1393153377.3,-0.39,-0.05,0.51,12.9
000001,2023-02-22 00:00:00,2023-02-22,12.75,12.77,12.87,12.69,63892200,895742534.31,-0.62,-0.08,0.33,12.85
000001,2023-02-23 00:00:00,2023-02-23,12.75,12.8,13.07,12.73,82449100,1165539851.19,0.23,0.03,0.42,12.77
000001,2023-02-24 00:00:00,2023-02-24,12.77,12.61,12.78,12.55,72998900,1012652971.88,-1.48,-0.19,0.38,12.8
000001,2023-02-27 00:00:00,2023-02-27,12.5,12.44,12.63,12.43,62146200,854854040.54,-1.35,-0.17,0.32,12.61
000001,2023-02-28 00:00:00,2023-02-28,12.5,12.53,12.6,12.36,60793600,833316018.45,0.72,0.09,0.31,12.44
000001,2023-03-01 00:00:00,2023-03-01,12.55,12.92,12.94,12.49,122345200,1719710647.06,3.11,0.39,0.63,12.53
000001,2023-03-02 00:00:00,2023-03-02,12.88,12.99,13.19,12.81,101587700,1447565979.98,0.54,0.07,0.52,12.92
000001,2023-03-03 00:00:00,2023-03-03,13.1,13.04,13.12,12.89,69095400,985552120.63,0.38,0.05,0.36,12.99
000001,2023-03-06 00:00:00,2023-03-06,13.05,12.6,13.05,12.47,145582400,2023954547.2,-3.37,-0.44,0.75,13.04
000001,2023-03-07 00:00:00,2023-03-07,12.6,12.44,12.85,12.4,127926600,1773654737.03,-1.27,-0.16,0.66,12.6
000001,2023-03-08 00:00:00,2023-03-08,12.38,12.28,12.39,12.15,109689800,1479838980.07,-1.29,-0.16,0.57,12.44
000001,2023-03-09 00:00:00,2023-03-09,12.29,11.95,12.33,11.88,173606500,2305765842.21,-2.69,-0.33,0.89,12.28
000001,2023-03-10 00:00:00,2023-03-10,11.75,11.89,12.02,11.75,85699600,1128558359.5,-0.5,-0.06,0.44,11.95
000001,2023-03-13 00:00:00,2023-03-13,11.87,11.8,12.04,11.75,100063500,1309490079.38,-0.76,-0.09,0.52,11.89
000001,2023-03-14 00:00:00,2023-03-14,11.74,11.62,11.75,11.48,114907600,1474124198.86,-1.53,-0.18,0.59,11.8
000001,2023-03-15 00:00:00,2023-03-15,11.8,11.8,11.93,11.69,97936400,1278262225.47,1.55,0.18,0.5,11.62
000001,2023-03-16 00:00:00,2023-03-16,11.64,11.57,11.78,11.55,91679200,1182054433.62,-1.95,-0.23,0.47,11.8
000001,2023-03-17 00:00:00,2023-03-17,11.74,11.5,11.79,11.4,155681400,2000832407.83,-0.61,-0.07,0.8,11.57
000001,2023-03-20 00:00:00,2023-03-20,11.51,11.32,11.6,11.3,118881600,1505893658.68,-1.57,-0.18,0.61,11.5
000001,2023-03-21 00:00:00,2023-03-21,11.4,11.45,11.53,11.25,84074300,1060914056.37,1.15,0.13,0.43,11.32
000001,2023-03-22 00:00:00,2023-03-22,11.5,11.54,11.63,11.46,87669100,1121080753.38,0.79,0.09,0.45,11.45
000001,2023-03-23 00:00:00,2023-03-23,11.45,11.65,11.65,11.38,80430600,1029380497.27,0.95,0.11,0.41,11.54
000001,2023-03-24 00:00:00,2023-03-24,11.6,11.57,11.61,11.51,62151900,796319541.97,-0.69,-0.08,0.32,11.65
000001,2023-03-27 00:00:00,2023-03-27,11.55,11.35,11.56,11.21,100842200,1266945056.03,-1.9,-0.22,0.52,11.57
000001,2023-03-28 00:00:00,2023-03-28,11.41,11.39,11.48,11.3,67386800,851797868.56,0.35,0.04,0.35,11.35
000001,2023-03-29 00:00:00,2023-03-29,11.48,11.28,11.49,11.25,59606400,750687550.55,-0.97,-0.11,0.31,11.39
000001,2023-03-30 00:00:00,2023-03-30,11.3,11.43,11.46,11.16,82454600,1035422932.01,1.33,0.15,0.42,11.28
000001,2023-03-31 00:00:00,2023-03-31,11.44,11.28,11.52,11.26,86549200,1092263436.9,-1.31,-0.15,0.45,11.43
000001,2023-04-03 00:00:00,2023-04-03,11.3,11.42,11.44,11.21,74042900,934285179.24,1.24,0.14,0.38,11.28
000001,2023-04-04 00:00:00,2023-04-04,11.39,11.4,11.47,11.34,64745700,817726526.95,-0.18,-0.02,0.33,11.42
000001,2023-04-06 00:00:00,2023-04-06,11.35,11.33,11.36,11.25,56332100,706480659.58,-0.61,-0.07,0.29,11.4
000001,2023-04-07 00:00:00,2023-04-07,11.32,11.37,11.44,11.25,60792500,767354796.52,0.35,0.04,0.31,11.33
000001,2023-04-10 00:00:00,2023-04-10,11.39,11.43,11.45,11.33,64018200,809943147.62,0.53,0.06,0.33,11.37
000001,2023-04-11 00:00:00,2023-04-11,11.45,11.29,11.47,11.27,77778000,978302907.79,-1.22,-0.14,0.4,11.43
000001,2023-04-12 00:00:00,2023-04-12,11.33,11.23,11.34,11.2,90995700,1136997696.14,-0.53,-0.06,0.47,11.29
000001,2023-04-13 00:00:00,2023-04-13,11.16,11.31,11.42,11.05,113159100,1413919037.13,0.71,0.08,0.58,11.23
000001,2023-04-14 00:00:00,2023-04-14,11.35,11.44,11.65,11.33,129799500,1653539530.91,1.15,0.13,0.67,11.31
000001,2023-04-17 00:00:00,2023-04-17,11.41,11.68,11.69,11.35,130421300,1669357649.18,2.1,0.24,0.67,11.44
000001,2023-04-18 00:00:00,2023-04-18,11.68,11.75,11.95,11.64,153893600,2009934874.59,0.6,0.07,0.79,11.68
000001,2023-04-19 00:00:00,2023-04-19,11.77,11.6,11.82,11.58,101437800,1309536001.8,-1.28,-0.15,0.52,11.75
000001,2023-04-20 00:00:00,2023-04-20,11.65,11.5,11.65,11.37,81178800,1033330703.78,-0.86,-0.1,0.42,11.6
000001,2023-04-21 00:00:00,2023-04-21,11.45,11.25,11.58,11.23,91866800,1160509766.03,-2.17,-0.25,0.47,11.5
000001,2023-04-24 00:00:00,2023-04-24,11.23,10.85,11.25,10.78,146767200,1798133966.92,-3.56,-0.4,0.76,11.25
000001,2023-04-25 00:00:00,2023-04-25,10.89,11.03,11.12,10.87,130190100,1595320169.74,1.66,0.18,0.67,10.85
000001,2023-04-26 00:00:00,2023-04-26,11.0,10.87,11.0,10.74,99126000,1197555724.16,-1.45,-0.16,0.51,11.03
000001,2023-04-27 00:00:00,2023-04-27,10.81,11.01,11.1,10.75,100409300,1222755932.37,1.29,0.14,0.52,10.87
000001,2023-04-28 00:00:00,2023-04-28,11.01,11.3,11.53,10.97,144525400,1816868032.98,2.63,0.29,0.74,11.01
000001,2023-05-04 00:00:00,2023-05-04,11.15,11.48,11.58,10.94,147826400,1863146144.16,1.59,0.18,0.76,11.3
000001,2023-05-05 00:00:00,2023-05-05,11.53,11.66,11.86,11.5,176218900,2283981032.07,1.57,0.18,0.91,11.48
000001,2023-05-08 00:00:00,2023-05-08,11.69,12.07,12.24,11.59,263071900,3478891629.35,3.52,0.41,1.36,11.66
000001,2023-05-09 00:00:00,2023-05-09,12.15,11.91,12.35,11.88,242253400,3238716470.97,-1.33,-0.16,1.25,12.07
000001,2023-05-10 00:00:00,2023-05-10,11.92,11.59,12.01,11.55,123705300,1600189994.17,-2.69,-0.32,0.64,11.91
000001,2023-05-11 00:00:00,2023-05-11,11.7,11.6,11.87,11.55,90375800,1166479364.89,0.09,0.01,0.47,11.59
000001,2023-05-12 00:00:00,2023-05-12,11.57,11.37,11.62,11.36,88560400,1124579090.54,-1.98,-0.23,0.46,11.6
000001,2023-05-15 00:00:00,2023-05-15,11.43,11.58,11.6,11.2,92832600,1173804243.15,1.85,0.21,0.48,11.37
000001,2023-05-16 00:00:00,2023-05-16,11.55,11.37,11.67,11.32,99830200,1267712090.05,-1.81,-0.21,0.51,11.58
000001,2023-05-17 00:00:00,2023-05-17,11.33,11.24,11.39,11.19,75462100,945315193.07,-1.14,-0.13,0.39,11.37
000001,2023-05-18 00:00:00,2023-05-18,11.32,11.24,11.39,11.18,68718700,861347534.32,0.0,0.0,0.35,11.24
000001,2023-05-19 00:00:00,2023-05-19,11.18,11.09,11.19,11.07,68841400,851165593.52,-1.33,-0.15,0.35,11.24
000001,2023-05-22 00:00:00,2023-05-22,11.06,11.13,11.2,11.06,54932800,679754868.04,0.36,0.04,0.28,11.09
000001,2023-05-23 00:00:00,2023-05-23,11.13,10.96,11.16,10.96,69436400,852871175.23,-1.53,-0.17,0.36,11.13
000001,2023-05-24 00:00:00,2023-05-24,10.95,10.76,10.96,10.76,82425100,996600577.63,-1.82,-0.2,0.42,10.96
000001,2023-05-25 00:00:00,2023-05-25,10.74,10.68,10.75,10.56,88274400,1050002541.88,-0.74,-0.08,0.45,10.76
000001,2023-05-26 00:00:00,2023-05-26,10.68,10.85,10.88,10.59,51142900,613772897.17,1.59,0.17,0.26,10.68
000001,2023-05-29 00:00:00,2023-05-29,10.86,10.73,10.88,10.7,56607400,680275577.83,-1.11,-0.12,0.29,10.85
000001,2023-05-30 00:00:00,2023-05-30,10.73,10.62,10.74,10.55,76399700,906316373.61,-1.03,-0.11,0.39,10.73
000001,2023-05-31 00:00:00,2023-05-31,10.57,10.35,10.59,10.33,117958700,1376758356.68,-2.54,-0.27,0.61,10.62
000001,2023-06-01 00:00:00,2023-06-01,10.35,10.34,10.43,10.25,74302300,861646489.19,-0.1,-0.01,0.38,10.35
000001,2023-06-02 00:00:00,2023-06-02,10.43,10.68,10.72,10.39,122184300,1446502669.25,3.29,0.34,0.63,10.34
000001,2023-06-05 00:00:00,2023-06-05,10.63,10.66,10.75,10.57,52184600,620531416.42,-0.19,-0.02,0.27,10.68
000001,2023-06-06 00:00:00,2023-06-06,10.66,10.59,10.84,10.57,83327300,997039311.52,-0.66,-0.07,0.43,10.66
000001,2023-06-07 00:00:00,2023-06-07,10.64,10.69,10.82,10.63,64369800,770386878.47,0.94,0.1,0.33,10.59
000001,2023-06-08 00:00:00,2023-06-08,10.71,10.87,10.95,10.61,86939700,1048266235.89,1.68,0.18,0.45,10.69
000001,2023-06-09 00:00:00,2023-06-09,10.81,10.63,10.84,10.6,131528500,1566929273.97,-2.21,-0.24,0.68,10.87
000001,2023-06-12 00:00:00,2023-06-12,10.57,10.54,10.65,10.51,75874700,896015708.76,-0.85,-0.09,0.39,10.63
000001,2023-06-13 00:00:00,2023-06-13,10.51,10.52,10.59,10.44,84998800,1000183566.92,-0.19,-0.02,0.44,10.54
000001,2023-06-14 00:00:00,2023-06-14,10.59,10.51,10.77,10.5,106920000,1237376775.64,-0.1,-0.01,0.55,10.52
000001,2023-06-15 00:00:00,2023-06-15,10.53,10.65,10.67,10.43,92530100,1064567231.22,1.33,0.14,0.48,10.51
000001,2023-06-16 00:00:00,2023-06-16,10.65,10.67,10.71,10.61,84203400,978869317.29,0.19,0.02,0.43,10.65
000001,2023-06-19 00:00:00,2023-06-19,10.67,10.49,10.67,10.45,95399700,1096351096.71,-1.69,-0.18,0.49,10.67
000001,2023-06-20 00:00:00,2023-06-20,10.48,10.4,10.5,10.39,54455100,620374307.69,-0.86,-0.09,0.28,10.49
000001,2023-06-21 00:00:00,2023-06-21,10.4,10.39,10.52,10.38,61658300,703681563.97,-0.1,-0.01,0.32,10.4
000001,2023-06-26 00:00:00,2023-06-26,10.34,10.22,10.34,10.19,67657700,757975991.51,-1.64,-0.17,0.35,10.39
000001,2023-06-27 00:00:00,2023-06-27,10.24,10.32,10.36,10.21,46170200,519520687.33,0.98,0.1,0.24,10.22
000001,2023-06-28 00:00:00,2023-06-28,10.32,10.34,10.37,10.26,36539600,412039353.93,0.19,0.02,0.19,10.32
000001,2023-06-29 00:00:00,2023-06-29,10.33,10.22,10.33,10.21,48590600,544534825.51,-1.16,-0.12,0.25,10.34
000001,2023-06-30 00:00:00,2023-06-30,10.22,10.27,10.35,10.19,51905300,583494654.79,0.49,0.05,0.27,10.22
000001,2023-07-03 00:00:00,2023-07-03,10.28,10.53,10.57,10.27,88509100,1009887428.65,2.53,0.26,0.46,10.27
000001,2023-07-04 00:00:00,2023-07-04,10.5,10.44,10.53,10.36,61630100,701885269.78,-0.85,-0.09,0.32,10.53
000001,2023-07-05 00:00:00,2023-07-05,10.4,10.38,10.44,10.34,42348200,479726282.47,-0.57,-0.06,0.22,10.44
000001,2023-07-06 00:00:00,2023-07-06,10.34,10.28,10.38,10.25,59709600,672396816.4,-0.96,-0.1,0.31,10.38
000001,2023-07-07 00:00:00,2023-07-07,10.24,10.24,10.31,10.22,48444100,543212455.87,-0.39,-0.04,0.25,10.28
000001,2023-07-10 00:00:00,2023-07-10,10.29,10.24,10.32,10.21,49588200,556581581.65,0.0,0.0,0.26,10.24
000001,2023-07-11 00:00:00,2023-07-11,10.26,10.25,10.3,10.23,57080900,640131787.1,0.1,0.01,0.29,10.24
000001,2023-07-12 00:00:00,2023-07-12,10.27,10.28,10.4,10.26,73608400,830230820.88,0.29,0.03,0.38,10.25
000001,2023-07-13 00:00:00,2023-07-13,10.36,10.47,10.51,10.31,112423000,1281848378.91,1.85,0.19,0.58,10.28
000001,2023-07-14 00:00:00,2023-07-14,10.47,10.5,10.59,10.44,71914700,825295738.24,0.29,0.03,0.37,10.47
000001,2023-07-17 00:00:00,2023-07-17,10.45,10.35,10.45,10.3,60834300,687262893.86,-1.43,-0.15,0.31,10.5
000001,2023-07-18 00:00:00,2023-07-18,10.33,10.29,10.36,10.26,47196600,531299772.68,-0.58,-0.06,0.24,10.35
000001,2023-07-19 00:00:00,2023-07-19,10.27,10.35,10.36,10.27,38219600,430771279.03,0.58,0.06,0.2,10.29
000001,2023-07-20 00:00:00,2023-07-20,10.37,10.36,10.48,10.33,55407000,629696111.29,0.1,0.01,0.29,10.35
000001,2023-07-21 00:00:00,2023-07-21,10.35,10.38,10.43,10.32,37710300,427375950.49,0.19,0.02,0.19,10.36
000001,2023-07-24 00:00:00,2023-07-24,10.37,10.3,10.37,10.28,42685200,480713395.7,-0.77,-0.08,0.22,10.38
000001,2023-07-25 00:00:00,2023-07-25,10.49,10.76,10.77,10.48,203295800,2358815159.63,4.47,0.46,1.05,10.3
000001,2023-07-26 00:00:00,2023-07-26,10.69,10.71,10.78,10.6,75166300,875260135.14,-0.46,-0.05,0.39,10.76
000001,2023-07-27 00:00:00,2023-07-27,10.72,10.79,10.91,10.69,111519600,1314228293.84,0.75,0.08,0.57,10.71
000001,2023-07-28 00:00:00,2023-07-28,10.73,11.3,11.34,10.71,234701300,2839828236.62,4.73,0.51,1.21,10.79
000001,2023-07-31 00:00:00,2023-07-31,11.34,11.36,11.54,11.27,185495200,2288940410.58,0.53,0.06,0.96,11.3
000001,2023-08-01 00:00:00,2023-08-01,11.3,11.2,11.41,11.17,95773500,1169570704.83,-1.41,-0.16,0.49,11.36
000001,2023-08-02 00:00:00,2023-08-02,11.1,11.07,11.28,10.97,111590000,1343864165.36,-1.16,-0.13,0.58,11.2
000001,2023-08-03 00:00:00,2023-08-03,11.03,11.37,11.41,10.99,117584800,1433255493.11,2.71,0.3,0.61,11.07
000001,2023-08-04 00:00:00,2023-08-04,11.46,11.34,11.57,11.25,130313100,1611435431.36,-0.26,-0.03,0.67,11.37
000001,2023-08-07 00:00:00,2023-08-07,11.25,11.2,11.29,11.16,64691300,786506452.16,-1.23,-0.14,0.33,11.34
000001,2023-08-08 00:00:00,2023-08-08,11.16,11.14,11.25,11.04,72570500,877489187.97,-0.54,-0.06,0.37,11.2
000001,2023-08-09 00:00:00,2023-08-09,11.1,11.21,11.24,11.09,57760800,702060796.64,0.63,0.07,0.3,11.14
000001,2023-08-10 00:00:00,2023-08-10,11.19,11.2,11.25,11.1,47559500,577123919.68,-0.09,-0.01,0.25,11.21
000001,2023-08-11 00:00:00,2023-08-11,11.21,10.93,11.31,10.93,94353900,1132867239.31,-2.41,-0.27,0.49,11.2
000001,2023-08-14 00:00:00,2023-08-14,10.8,10.71,10.82,10.63,97592000,1139185249.46,-2.01,-0.22,0.5,10.93
000001,2023-08-15 00:00:00,2023-08-15,10.73,10.77,10.84,10.64,71281300,834163039.6,0.56,0.06,0.37,10.71
000001,2023-08-16 00:00:00,2023-08-16,10.71,10.77,10.89,10.65,57290400,671706045.36,0.0,0.0,0.3,10.77
000001,2023-08-17 00:00:00,2023-08-17,10.71,10.61,10.74,10.5,96505800,1116292661.67,-1.49,-0.16,0.5,10.77
000001,2023-08-18 00:00:00,2023-08-18,10.62,10.6,10.78,10.57,65981900,767047286.89,-0.09,-0.01,0.34,10.61
000001,2023-08-21 00:00:00,2023-08-21,10.6,10.36,10.62,10.36,70149800,799641423.76,-2.26,-0.24,0.36,10.6
000001,2023-08-22 00:00:00,2023-08-22,10.42,10.41,10.49,10.35,60680800,689991238.06,0.48,0.05,0.31,10.36
000001,2023-08-23 00:00:00,2023-08-23,10.39,10.29,10.46,10.28,69181000,783102827.23,-1.15,-0.12,0.36,10.41
000001,2023-08-24 00:00:00,2023-08-24,10.33,10.17,10.36,10.09,129127100,1439197083.69,-1.17,-0.12,0.67,10.29
000001,2023-08-25 00:00:00,2023-08-25,10.14,10.27,10.37,10.12,84535000,946760250.6,0.98,0.1,0.44,10.17
000001,2023-08-28 00:00:00,2023-08-28,10.88,10.56,10.97,10.53,199761000,2336205800.56,2.82,0.29,1.03,10.27
000001,2023-08-29 00:00:00,2023-08-29,10.51,10.35,10.53,10.17,196496100,2217588610.12,-1.99,-0.21,1.01,10.56
000001,2023-08-30 00:00:00,2023-08-30,10.31,10.17,10.31,10.17,137563800,1537573550.57,-1.74,-0.18,0.71,10.35
000001,2023-08-31 00:00:00,2023-08-31,10.18,10.17,10.26,10.16,80647400,900123574.83,0.0,0.0,0.42,10.17
000001,2023-09-01 00:00:00,2023-09-01,10.23,10.36,10.4,10.23,113870500,1285169019.19,1.87,0.19,0.59,10.17
000001,2023-09-04 00:00:00,2023-09-04,10.39,10.6,10.63,10.37,141002900,1621769196.4,2.32,0.24,0.73,10.36
000001,2023-09-05 00:00:00,2023-09-05,10.54,10.43,10.55,10.4,80417700,917888858.57,-1.6,-0.17,0.41,10.6
000001,2023-09-06 00:00:00,2023-09-06,10.37,10.47,10.5,10.34,63484100,721905681.98,0.38,0.04,0.33,10.43
000001,2023-09-07 00:00:00,2023-09-07,10.44,10.37,10.48,10.36,54004200,613812175.91,-0.96,-0.1,0.28,10.47
000001,2023-09-08 00:00:00,2023-09-08,10.32,10.31,10.36,10.27,47903000,539624962.82,-0.58,-0.06,0.25,10.37
000001,2023-09-11 00:00:00,2023-09-11,10.34,10.38,10.44,10.31,65448600,741764911.22,0.68,0.07,0.34,10.31
000001,2023-09-12 00:00:00,2023-09-12,10.39,10.32,10.39,10.29,49548500,559058535.52,-0.58,-0.06,0.26,10.38
000001,2023-09-13 00:00:00,2023-09-13,10.33,10.29,10.36,10.25,49021800,551747627.68,-0.29,-0.03,0.25,10.32
000001,2023-09-14 00:00:00,2023-09-14,10.32,10.33,10.37,10.29,55165000,622906052.62,0.39,0.04,0.28,10.29
000001,2023-09-15 00:00:00,2023-09-15,10.39,10.26,10.44,10.24,89047600,1005529160.77,-0.68,-0.07,0.46,10.33
000001,2023-09-18 00:00:00,2023-09-18,10.26,10.27,10.28,10.18,50132500,561449769.63,0.1,0.01,0.26,10.26
000001,2023-09-19 00:00:00,2023-09-19,10.26,10.25,10.27,10.2,50366400,564044044.21,-0.19,-0.02,0.26,10.27
000001,2023-09-20 00:00:00,2023-09-20,10.24,10.19,10.26,10.19,55887200,624785494.94,-0.59,-0.06,0.29,10.25
000001,2023-09-21 00:00:00,2023-09-21,10.18,10.09,10.18,10.08,84393000,934673193.87,-0.98,-0.1,0.43,10.19
000001,2023-09-22 00:00:00,2023-09-22,10.07,10.28,10.29,10.07,91148400,1017137921.82,1.88,0.19,0.47,10.09
000001,2023-09-25 00:00:00,2023-09-25,10.28,10.26,10.36,10.23,76121100,856022502.11,-0.19,-0.02,0.39,10.28
000001,2023-09-26 00:00:00,2023-09-26,10.26,10.2,10.3,10.18,44498000,497885810.84,-0.58,-0.06,0.23,10.26
000001,2023-09-27 00:00:00,2023-09-27,10.19,10.21,10.26,10.19,49031100,547905820.77,0.1,0.01,0.25,10.2
000001,2023-09-28 00:00:00,2023-09-28,10.23,10.24,10.28,10.22,52069700,583649730.04,0.29,0.03,0.27,10.21
000001,2023-10-09 00:00:00,2023-10-09,10.2,10.15,10.21,10.1,69582800,772959353.15,-0.88,-0.09,0.36,10.24
000001,2023-10-10 00:00:00,2023-10-10,10.23,10.06,10.24,10.06,82074900,910160341.9,-0.89,-0.09,0.42,10.15
000001,2023-10-11 00:00:00,2023-10-11,10.13,10.02,10.13,10.0,72411600,797663827.0,-0.4,-0.04,0.37,10.06
000001,2023-10-12 00:00:00,2023-10-12,10.15,10.15,10.2,10.08,85305800,947562324.75,1.3,0.13,0.44,10.02
000001,2023-10-13 00:00:00,2023-10-13,10.07,10.04,10.11,9.99,68448300,753110725.51,-1.08,-0.11,0.35,10.15
000001,2023-10-16 00:00:00,2023-10-16,10.04,10.05,10.07,9.99,50162400,550988719.63,0.1,0.01,0.26,10.04
000001,2023-10-17 00:00:00,2023-10-17,10.05,10.06,10.09,10.0,49352500,543170900.73,0.1,0.01,0.25,10.05
000001,2023-10-18 00:00:00,2023-10-18,10.03,9.99,10.06,9.95,65182500,713979896.11,-0.7,-0.07,0.34,10.06
000001,2023-10-19 00:00:00,2023-10-19,9.95,9.64,9.96,9.63,118896100,1271914676.53,-3.5,-0.35,0.61,9.99
000001,2023-10-20 00:00:00,2023-10-20,9.59,9.64,9.71,9.55,52613900,557618632.37,0.0,0.0,0.27,9.64
000001,2023-10-23 00:00:00,2023-10-23,9.63,9.54,9.64,9.47,53040400,557032228.65,-1.04,-0.1,0.27,9.64
000001,2023-10-24 00:00:00,2023-10-24,9.58,9.59,9.65,9.48,76065300,801528403.67,0.52,0.05,0.39,9.54
000001,2023-10-25 00:00:00,2023-10-25,9.55,9.42,9.58,9.4,141145000,1470971923.59,-1.77,-0.17,0.73,9.59
000001,2023-10-26 00:00:00,2023-10-26,9.35,9.45,9.46,9.34,59999100,621915276.9,0.32,0.03,0.31,9.42
000001,2023-10-27 00:00:00,2023-10-27,9.42,9.49,9.52,9.37,91977100,957587534.43,0.42,0.04,0.47,9.45
000001,2023-10-30 00:00:00,2023-10-30,9.44,9.49,9.51,9.39,80569000,837646002.04,0.0,0.0,0.42,9.49
000001,2023-10-31 00:00:00,2023-10-31,9.47,9.5,9.53,9.45,65285500,682212137.64,0.11,0.01,0.34,9.49
000001,2023-11-01 00:00:00,2023-11-01,9.59,9.52,9.6,9.49,56730000,595211885.0,0.21,0.02,0.29,9.5
000001,2023-11-02 00:00:00,2023-11-02,9.54,9.52,9.64,9.51,61943000,652316669.93,0.0,0.0,0.32,9.52
000001,2023-11-03 00:00:00,2023-11-03,9.53,9.52,9.56,9.47,70546300,738879704.3,0.0,0.0,0.36,9.52
000001,2023-11-06 00:00:00,2023-11-06,9.55,9.73,9.73,9.55,100706200,1069206837.68,2.21,0.21,0.52,9.52
000001,2023-11-07 00:00:00,2023-11-07,9.7,9.64,9.7,9.62,64086600,679815569.19,-0.92,-0.09,0.33,9.73
000001,2023-11-08 00:00:00,2023-11-08,9.62,9.54,9.64,9.49,87781900,923622008.11,-1.04,-0.1,0.45,9.64
000001,2023-11-09 00:00:00,2023-11-09,9.5,9.53,9.56,9.47,63913600,669639052.44,-0.1,-0.01,0.33,9.54
000001,2023-11-10 00:00:00,2023-11-10,9.49,9.34,9.51,9.33,104504400,1080649733.98,-1.99,-0.19,0.54,9.53
000001,2023-11-13 00:00:00,2023-11-13,9.35,9.29,9.37,9.26,77004300,789007117.83,-0.54,-0.05,0.4,9.34
000001,2023-11-14 00:00:00,2023-11-14,9.28,9.31,9.37,9.27,59685900,613377697.97,0.22,0.02,0.31,9.29
000001,2023-11-15 00:00:00,2023-11-15,9.41,9.41,9.49,9.38,110914000,1152154780.34,1.07,0.1,0.57,9.31
000001,2023-11-16 00:00:00,2023-11-16,9.42,9.28,9.43,9.27,92262200,948395097.33,-1.38,-0.13,0.48,9.41
000001,2023-11-17 00:00:00,2023-11-17,9.26,9.19,9.29,9.16,90336200,917616681.28,-0.97,-0.09,0.47,9.28
000001,2023-11-20 00:00:00,2023-11-20,9.19,9.23,9.26,9.14,63952800,650077370.01,0.44,0.04,0.33,9.19
000001,2023-11-21 00:00:00,2023-11-21,9.27,9.32,9.39,9.26,104116600,1072311504.28,0.98,0.09,0.54,9.23
000001,2023-11-22 00:00:00,2023-11-22,9.3,9.2,9.35,9.18,73749000,753064757.94,-1.29,-0.12,0.38,9.32
000001,2023-11-23 00:00:00,2023-11-23,9.19,9.19,9.2,9.11,84665600,855904311.98,-0.11,-0.01,0.44,9.2
000001,2023-11-24 00:00:00,2023-11-24,9.15,9.14,9.17,9.12,68469500,691423444.34,-0.54,-0.05,0.35,9.19
000001,2023-11-27 00:00:00,2023-11-27,9.13,9.05,9.13,9.01,83618800,836268368.75,-0.98,-0.09,0.43,9.14
000001,2023-11-28 00:00:00,2023-11-28,9.03,8.99,9.06,8.99,78617500,784405804.65,-0.66,-0.06,0.41,9.05
000001,2023-11-29 00:00:00,2023-11-29,8.99,8.76,9.01,8.74,146759700,1438320264.11,-2.56,-0.23,0.76,8.99
000001,2023-11-30 00:00:00,2023-11-30,8.73,8.72,8.77,8.66,90176500,871481712.43,-0.46,-0.04,0.46,8.76
000001,2023-12-01 00:00:00,2023-12-01,8.69,8.7,8.72,8.62,77805700,749668363.85,-0.23,-0.02,0.4,8.72
000001,2023-12-04 00:00:00,2023-12-04,8.71,8.67,8.72,8.65,60543800,583664338.41,-0.34,-0.03,0.31,8.7
000001,2023-12-05 00:00:00,2023-12-05,8.65,8.52,8.66,8.51,78737800,750961219.91,-1.73,-0.15,0.41,8.67
000001,2023-12-06 00:00:00,2023-12-06,8.48,8.54,8.61,8.44,75305600,714029468.7,0.23,0.02,0.39,8.52
000001,2023-12-07 00:00:00,2023-12-07,8.53,8.48,8.53,8.42,58538000,552224831.17,-0.7,-0.06,0.3,8.54
000001,2023-12-08 00:00:00,2023-12-08,8.45,8.34,8.49,8.34,102115200,957664580.59,-1.65,-0.14,0.53,8.48
000001,2023-12-11 00:00:00,2023-12-11,8.26,8.39,8.42,8.17,113366300,1044765734.9,0.6,0.05,0.58,8.34
000001,2023-12-12 00:00:00,2023-12-12,8.35,8.46,8.54,8.34,85501600,805067628.46,0.83,0.07,0.44,8.39
000001,2023-12-13 00:00:00,2023-12-13,8.42,8.2,8.43,8.19,106130200,981001231.48,-3.07,-0.26,0.55,8.46
000001,2023-12-14 00:00:00,2023-12-14,8.25,8.19,8.32,8.19,74290100,683211465.8,-0.12,-0.01,0.38,8.2
000001,2023-12-15 00:00:00,2023-12-15,8.24,8.25,8.39,8.23,98893900,915126127.17,0.73,0.06,0.51,8.19
000001,2023-12-18 00:00:00,2023-12-18,8.22,8.17,8.28,8.13,65442600,599379044.02,-0.97,-0.08,0.34,8.25
000001,2023-12-19 00:00:00,2023-12-19,8.16,8.14,8.21,8.11,64407100,586716664.28,-0.37,-0.03,0.33,8.17
000001,2023-12-20 00:00:00,2023-12-20,8.15,8.07,8.19,8.07,71563400,650511342.87,-0.86,-0.07,0.37,8.14
000001,2023-12-21 00:00:00,2023-12-21,8.05,8.21,8.23,8.03,101704700,925407072.91,1.73,0.14,0.52,8.07
000001,2023-12-22 00:00:00,2023-12-22,8.23,8.24,8.32,8.15,100564500,924998769.19,0.37,0.03,0.52,8.21
000001,2023-12-25 00:00:00,2023-12-25,8.22,8.23,8.24,8.18,41397100,379638233.73,-0.12,-0.01,0.21,8.24
000001,2023-12-26 00:00:00,2023-12-26,8.23,8.14,8.24,8.11,54189600,493746622.76,-1.09,-0.09,0.28,8.23
000001,2023-12-27 00:00:00,2023-12-27,8.14,8.16,8.17,8.06,64153400,582036660.68,0.25,0.02,0.33,8.14
000001,2023-12-28 00:00:00,2023-12-28,8.15,8.49,8.51,8.12,166159200,1550256590.59,4.04,0.33,0.86,8.16
000001,2023-12-29 00:00:00,2023-12-29,8.46,8.43,8.52,8.39,85385300,803196743.82,-0.71,-0.06,0.44,8.49
000001,2024-01-02 00:00:00,2024-01-02,8.43,8.25,8.46,8.25,115836600,1075742252.45,-2.14,-0.18,0.6,8.43
000001,2024-01-03 00:00:00,2024-01-03,8.23,8.24,8.26,8.19,73361000,673673613.54,-0.12,-0.01,0.38,8.25
000001,2024-01-04 00:00:00,2024-01-04,8.23,8.15,8.23,8.12,86419400,787470082.37,-1.09,-0.09,0.45,8.24
000001,2024-01-05 00:00:00,2024-01-05,8.14,8.31,8.48,8.11,199162200,1852659692.14,1.96,0.16,1.03,8.15
000001,2024-01-08 00:00:00,2024-01-08,8.27,8.19,8.34,8.15,112115600,1029006548.73,-1.44,-0.12,0.58,8.31
000001,2024-01-09 00:00:00,2024-01-09,8.2,8.22,8.23,8.13,76619400,700375720.2,0.37,0.03,0.39,8.19
000001,2024-01-10 00:00:00,2024-01-10,8.2,8.13,8.23,8.13,85862100,783771150.01,-1.09,-0.09,0.44,8.22
000001,2024-01-11 00:00:00,2024-01-11,8.12,8.21,8.26,8.07,93468600,853890237.29,0.98,0.08,0.48,8.13
000001,2024-01-12 00:00:00,2024-01-12,8.17,8.23,8.31,8.15,77258200,711018266.07,0.24,0.02,0.4,8.21
000001,2024-01-15 00:00:00,2024-01-15,8.2,8.25,8.33,8.17,74513300,685950951.45,0.24,0.02,0.38,8.23
000001,2024-01-16 00:00:00,2024-01-16,8.23,8.38,8.39,8.2,143831300,1334465408.53,1.58,0.13,0.74,8.25
000001,2024-01-17 00:00:00,2024-01-17,8.37,8.27,8.43,8.27,148229600,1380725065.03,-1.31,-0.11,0.76,8.38
000001,2024-01-18 00:00:00,2024-01-18,8.25,8.24,8.28,8.04,175513200,1597853726.63,-0.36,-0.03,0.9,8.27
000001,2024-01-19 00:00:00,2024-01-19,8.2,8.21,8.24,8.14,96398100,881865023.89,-0.36,-0.03,0.5,8.24
000001,2024-01-22 00:00:00,2024-01-22,8.2,8.14,8.3,8.08,158032000,1449858241.68,-0.85,-0.07,0.81,8.21
000001,2024-01-23 00:00:00,2024-01-23,8.09,8.2,8.22,8.0,113554500,1030898421.04,0.74,0.06,0.59,8.14
000001,2024-01-24 00:00:00,2024-01-24,8.27,8.37,8.38,8.11,175912300,1620099272.06,2.07,0.17,0.91,8.2
000001,2024-01-25 00:00:00,2024-01-25,8.37,8.54,8.58,8.31,216251400,2037648413.07,2.03,0.17,1.11,8.37
000001,2024-01-26 00:00:00,2024-01-26,8.51,8.66,8.71,8.48,227228700,2172799799.01,1.41,0.12,1.17,8.54
000001,2024-01-29 00:00:00,2024-01-29,8.73,8.74,8.92,8.62,237625200,2312173346.33,0.92,0.08,1.22,8.66
000001,2024-01-30 00:00:00,2024-01-30,8.65,8.54,8.74,8.53,157912200,1515156603.96,-2.29,-0.2,0.81,8.74
000001,2024-01-31 00:00:00,2024-01-31,8.5,8.5,8.6,8.42,135721700,1286857396.81,-0.47,-0.04,0.7,8.54
000001,2024-02-01 00:00:00,2024-02-01,8.45,8.45,8.52,8.38,105526000,993481907.01,-0.59,-0.05,0.54,8.5
000001,2024-02-02 00:00:00,2024-02-02,8.46,8.31,8.51,8.11,163421400,1520605694.69,-1.66,-0.14,0.84,8.45
000001,2024-02-05 00:00:00,2024-02-05,8.23,8.42,8.47,8.15,180359200,1674566499.46,1.32,0.11,0.93,8.31
000001,2024-02-06 00:00:00,2024-02-06,8.34,8.72,8.72,8.33,199541000,1900324218.2,3.56,0.3,1.03,8.42
000001,2024-02-07 00:00:00,2024-02-07,8.66,8.65,8.71,8.52,206201500,1975435102.12,-0.8,-0.07,1.06,8.72
000001,2024-02-08 00:00:00,2024-02-08,8.62,8.71,8.71,8.56,165681400,1593505690.13,0.69,0.06,0.85,8.65
000001,2024-02-19 00:00:00,2024-02-19,8.8,8.85,8.85,8.69,160524300,1564088444.93,1.61,0.14,0.83,8.71
000001,2024-02-20 00:00:00,2024-02-20,8.83,8.86,8.88,8.77,112356400,1098987813.26,0.11,0.01,0.58,8.85
000001,2024-02-21 00:00:00,2024-02-21,8.82,9.84,9.84,8.81,505528500,5295259396.81,11.06,0.98,2.61,8.86
000001,2024-02-22 00:00:00,2024-02-22,9.69,9.94,9.95,9.66,492232500,5307736374.06,1.02,0.1,2.54,9.84
000001,2024-02-23 00:00:00,2024-02-23,9.92,9.89,10.28,9.88,356748000,3917316281.52,-0.5,-0.05,1.84,9.94
000001,2024-02-26 00:00:00,2024-02-26,9.82,9.57,9.92,9.54,286260900,3048205024.78,-3.24,-0.32,1.48,9.89
000001,2024-02-27 00:00:00,2024-02-27,9.53,9.54,9.64,9.5,198190500,2083027074.06,-0.31,-0.03,1.02,9.57
000001,2024-02-28 00:00:00,2024-02-28,9.55,9.53,9.74,9.44,308269300,3253340358.41,-0.1,-0.01,1.59,9.54
000001,2024-02-29 00:00:00,2024-02-29,9.46,9.63,9.63,9.45,184534400,1936020982.56,1.05,0.1,0.95,9.53
000001,2024-03-01 00:00:00,2024-03-01,9.63,9.53,9.64,9.47,182810300,1917689306.77,-1.04,-0.1,0.94,9.63
000001,2024-03-04 00:00:00,2024-03-04,9.49,9.37,9.54,9.36,165593000,1719562862.03,-1.68,-0.16,0.85,9.53
000001,2024-03-05 00:00:00,2024-03-05,9.34,9.47,9.51,9.3,181731900,1889144330.16,1.07,0.1,0.94,9.37
000001,2024-03-06 00:00:00,2024-03-06,9.44,9.37,9.49,9.37,134564000,1396940060.42,-1.06,-0.1,0.69,9.47
000001,2024-03-07 00:00:00,2024-03-07,9.37,9.42,9.68,9.37,201616600,2109589237.19,0.53,0.05,1.04,9.37
000001,2024-03-08 00:00:00,2024-03-08,9.39,9.42,9.48,9.34,111397400,1154491251.23,0.0,0.0,0.57,9.42
000001,2024-03-11 00:00:00,2024-03-11,9.42,9.51,9.51,9.38,121067300,1260212019.66,0.96,0.09,0.62,9.42
000001,2024-03-12 00:00:00,2024-03-12,9.52,9.6,9.63,9.45,164126200,1721999708.11,0.95,0.09,0.85,9.51
000001,2024-03-13 00:00:00,2024-03-13,9.57,9.37,9.59,9.34,176803900,1834654994.4,-2.4,-0.23,0.91,9.6
000001,2024-03-14 00:00:00,2024-03-14,9.34,9.27,9.42,9.24,140940000,1448499697.91,-1.07,-0.1,0.73,9.37
000001,2024-03-15 00:00:00,2024-03-15,9.59,9.64,9.79,9.54,375020800,3973799130.9,3.99,0.37,1.93,9.27
000001,2024-03-18 00:00:00,2024-03-18,9.6,9.58,9.65,9.53,167139700,1761249149.98,-0.62,-0.06,0.86,9.64
000001,2024-03-19 00:00:00,2024-03-19,9.57,9.44,9.58,9.43,129321600,1351069630.23,-1.46,-0.14,0.67,9.58
000001,2024-03-20 00:00:00,2024-03-20,9.42,9.49,9.51,9.41,87266300,910278572.98,0.53,0.05,0.45,9.44
000001,2024-03-21 00:00:00,2024-03-21,9.49,9.51,9.56,9.46,86446600,905422293.67,0.21,0.02,0.45,9.49
000001,2024-03-22 00:00:00,2024-03-22,9.49,9.4,9.49,9.35,102814200,1065535606.11,-1.16,-0.11,0.53,9.51
000001,2024-03-25 00:00:00,2024-03-25,9.39,9.44,9.53,9.36,95320200,993304120.45,0.43,0.04,0.49,9.4
000001,2024-03-26 00:00:00,2024-03-26,9.49,9.64,9.7,9.46,174002100,1835376190.72,2.12,0.2,0.9,9.44
000001,2024-03-27 00:00:00,2024-03-27,9.6,9.57,9.67,9.55,127413600,1347397150.36,-0.73,-0.07,0.66,9.64
000001,2024-03-28 00:00:00,2024-03-28,9.55,9.53,9.61,9.42,130218900,1362980388.48,-0.42,-0.04,0.67,9.57
000001,2024-03-29 00:00:00,2024-03-29,9.49,9.56,9.61,9.47,87275900,917332315.96,0.31,0.03,0.45,9.53
000001,2024-04-01 00:00:00,2024-04-01,9.56,9.68,9.69,9.55,119108800,1261770380.39,1.26,0.12,0.61,9.56
000001,2024-04-02 00:00:00,2024-04-02,9.67,9.59,9.72,9.57,108545800,1149700799.95,-0.93,-0.09,0.56,9.68
000001,2024-04-03 00:00:00,2024-04-03,9.57,9.5,9.59,9.46,98184600,1028648883.43,-0.94,-0.09,0.51,9.59
000001,2024-04-08 00:00:00,2024-04-08,9.46,9.47,9.53,9.41,90636100,945290441.32,-0.32,-0.03,0.47,9.5
000001,2024-04-09 00:00:00,2024-04-09,9.47,9.44,9.51,9.4,85715700,891468991.01,-0.32,-0.03,0.44,9.47
000001,2024-04-10 00:00:00,2024-04-10,9.42,9.32,9.45,9.31,124639100,1288696196.29,-1.27,-0.12,0.64,9.44
000001,2024-04-11 00:00:00,2024-04-11,9.28,9.29,9.33,9.16,101021300,1030820137.39,-0.32,-0.03,0.52,9.32
000001,2024-04-12 00:00:00,2024-04-12,9.26,9.1,9.31,9.08,130545400,1322011753.93,-2.05,-0.19,0.67,9.29
000001,2024-04-15 00:00:00,2024-04-15,9.11,9.33,9.36,9.1,145320300,1486326196.01,2.53,0.23,0.75,9.1
000001,2024-04-16 00:00:00,2024-04-16,9.32,9.32,9.43,9.26,147803600,1523138499.07,-0.11,-0.01,0.76,9.33
000001,2024-04-17 00:00:00,2024-04-17,9.3,9.66,9.67,9.25,223264100,2337576586.88,3.65,0.34,1.15,9.32
000001,2024-04-18 00:00:00,2024-04-18,9.62,9.84,10.07,9.6,316591400,3427338981.81,1.86,0.18,1.63,9.66
000001,2024-04-19 00:00:00,2024-04-19,9.75,9.73,9.86,9.7,145767500,1562376146.58,-1.12,-0.11,0.75,9.84
000001,2024-04-22 00:00:00,2024-04-22,9.68,9.54,9.85,9.49,200981800,2125722741.41,-1.95,-0.19,1.04,9.73
000001,2024-04-23 00:00:00,2024-04-23,9.55,9.58,9.69,9.5,124002700,1308866093.13,0.42,0.04,0.64,9.54
000001,2024-04-24 00:00:00,2024-04-24,9.56,9.57,9.61,9.5,94156800,989093538.21,-0.1,-0.01,0.49,9.58
000001,2024-04-25 00:00:00,2024-04-25,9.54,9.65,9.66,9.52,111381200,1176304524.86,0.84,0.08,0.57,9.57
000001,2024-04-26 00:00:00,2024-04-26,9.63,9.64,9.71,9.52,160762800,1698581436.96,-0.1,-0.01,0.83,9.65
000001,2024-04-29 00:00:00,2024-04-29,9.6,9.85,9.94,9.56,216917700,2337350883.73,2.18,0.21,1.12,9.64
000001,2024-04-30 00:00:00,2024-04-30,9.84,9.83,9.92,9.77,132455700,1431407709.37,-0.2,-0.02,0.68,9.85
000001,2024-05-06 00:00:00,2024-05-06,10.0,9.93,10.15,9.88,178410100,1953817493.43,1.02,0.1,0.92,9.83
000001,2024-05-07 00:00:00,2024-05-07,9.91,9.92,9.93,9.8,108705700,1176786412.82,-0.1,-0.01,0.56,9.93
000001,2024-05-08 00:00:00,2024-05-08,9.88,9.77,9.92,9.75,122179100,1318611999.65,-1.51,-0.15,0.63,9.92
000001,2024-05-09 00:00:00,2024-05-09,9.75,9.8,9.86,9.75,106946100,1150726857.51,0.31,0.03,0.55,9.77
000001,2024-05-10 00:00:00,2024-05-10,9.81,9.98,10.0,9.8,176783600,1923452176.84,1.84,0.18,0.91,9.8
000001,2024-05-13 00:00:00,2024-05-13,9.94,10.01,10.05,9.85,140249900,1530058919.54,0.3,0.03,0.72,9.98
000001,2024-05-14 00:00:00,2024-05-14,10.04,9.95,10.1,9.92,107578400,1176577328.23,-0.6,-0.06,0.55,10.01
000001,2024-05-15 00:00:00,2024-05-15,9.94,9.87,9.96,9.85,86829700,942907950.5,-0.8,-0.08,0.45,9.95
000001,2024-05-16 00:00:00,2024-05-16,9.89,10.21,10.25,9.87,307629200,3410151917.15,3.44,0.34,1.59,9.87
000001,2024-05-17 00:00:00,2024-05-17,10.22,10.46,10.46,10.17,284174900,3200736554.36,2.45,0.25,1.46,10.21
000001,2024-05-20 00:00:00,2024-05-20,10.47,10.42,10.57,10.35,217021000,2475290152.11,-0.38,-0.04,1.12,10.46
000001,2024-05-21 00:00:00,2024-05-21,10.36,10.59,10.66,10.35,203004900,2336192874.97,1.63,0.17,1.05,10.42
000001,2024-05-22 00:00:00,2024-05-22,10.6,10.6,10.78,10.5,211553100,2458448969.66,0.09,0.01,1.09,10.59
000001,2024-05-23 00:00:00,2024-05-23,10.57,10.44,10.63,10.41,184162300,2110799281.76,-1.51,-0.16,0.95,10.6
000001,2024-05-24 00:00:00,2024-05-24,10.41,10.35,10.53,10.34,139827600,1593330336.42,-0.86,-0.09,0.72,10.44
000001,2024-05-27 00:00:00,2024-05-27,10.35,10.55,10.57,10.35,145436100,1663272117.57,1.93,0.2,0.75,10.35
000001,2024-05-28 00:00:00,2024-05-28,10.54,10.44,10.62,10.4,120432300,1377107203.91,-1.04,-0.11,0.62,10.55
000001,2024-05-29 00:00:00,2024-05-29,10.42,10.3,10.49,10.27,144481100,1635445613.13,-1.34,-0.14,0.74,10.44
000001,2024-05-30 00:00:00,2024-05-30,10.28,10.16,10.38,10.1,132549600,1481608711.02,-1.36,-0.14,0.68,10.3
000001,2024-05-31 00:00:00,2024-05-31,10.18,10.15,10.23,10.15,82670700,921248145.59,-0.1,-0.01,0.43,10.16
000001,2024-06-03 00:00:00,2024-06-03,10.16,10.02,10.17,9.95,132669700,1456086023.62,-1.28,-0.13,0.68,10.15
000001,2024-06-04 00:00:00,2024-06-04,9.99,10.06,10.09,9.95,98100500,1079356560.61,0.4,0.04,0.51,10.02
000001,2024-06-05 00:00:00,2024-06-05,10.08,9.91,10.11,9.91,101896800,1114155998.81,-1.49,-0.15,0.53,10.06
000001,2024-06-06 00:00:00,2024-06-06,9.94,9.94,10.02,9.92,104933200,1145989425.79,0.3,0.03,0.54,9.91
000001,2024-06-07 00:00:00,2024-06-07,9.96,10.03,10.05,9.93,117012600,1281662985.8,0.91,0.09,0.6,9.94
000001,2024-06-11 00:00:00,2024-06-11,10.02,9.91,10.06,9.83,133762900,1452841956.89,-1.2,-0.12,0.69,10.03
000001,2024-06-12 00:00:00,2024-06-12,9.89,9.92,9.95,9.82,95742600,1037927497.39,0.1,0.01,0.49,9.91
000001,2024-06-13 00:00:00,2024-06-13,9.93,9.84,9.97,9.84,120350800,1304403407.05,-0.81,-0.08,0.62,9.92
000001,2024-06-14 00:00:00,2024-06-14,9.9,9.93,9.98,9.74,163799000,1657433954.94,0.91,0.09,0.84,9.84
000001,2024-06-17 00:00:00,2024-06-17,9.88,9.85,9.91,9.83,68121700,688669914.12,-0.81,-0.08,0.35,9.93
000001,2024-06-18 00:00:00,2024-06-18,9.86,9.83,9.91,9.79,70065300,707829471.51,-0.2,-0.02,0.36,9.85
000001,2024-06-19 00:00:00,2024-06-19,9.85,9.9,9.96,9.83,79618400,807676192.22,0.71,0.07,0.41,9.83
000001,2024-06-20 00:00:00,2024-06-20,9.91,9.8,9.92,9.8,62962800,635070262.4,-1.01,-0.1,0.32,9.9
000001,2024-06-21 00:00:00,2024-06-21,9.8,9.75,9.84,9.7,83054500,831176895.42,-0.51,-0.05,0.43,9.8
000001,2024-06-24 00:00:00,2024-06-24,9.72,9.73,9.82,9.63,94708200,944907465.65,-0.21,-0.02,0.49,9.75
000001,2024-06-25 00:00:00,2024-06-25,9.74,9.83,9.88,9.73,76999300,775332071.89,1.03,0.1,0.4,9.73
000001,2024-06-26 00:00:00,2024-06-26,9.81,9.83,9.88,9.77,62859900,633763882.09,0.0,0.0,0.32,9.83
000001,2024-06-27 00:00:00,2024-06-27,9.81,9.88,9.96,9.75,92888200,938954397.5,0.51,0.05,0.48,9.83
000001,2024-06-28 00:00:00,2024-06-28,9.85,9.9,10.01,9.84,91809000,933947813.42,0.2,0.02,0.47,9.88
000001,2024-07-01 00:00:00,2024-07-01,9.84,10.1,10.1,9.79,134305100,1372549619.58,2.02,0.2,0.69,9.9
000001,2024-07-02 00:00:00,2024-07-02,10.05,10.15,10.23,10.03,138438600,1440864390.61,0.5,0.05,0.71,10.1
000001,2024-07-03 00:00:00,2024-07-03,10.15,10.06,10.18,10.04,71306700,737326421.16,-0.89,-0.09,0.37,10.15
000001,2024-07-04 00:00:00,2024-07-04,10.05,10.01,10.13,10.0,73504400,757464386.79,-0.5,-0.05,0.38,10.06
000001,2024-07-05 00:00:00,2024-07-05,10.01,9.72,10.04,9.67,171335400,1721256576.49,-2.9,-0.29,0.88,10.01
000001,2024-07-08 00:00:00,2024-07-08,9.69,9.68,9.77,9.6,86866000,864791776.33,-0.41,-0.04,0.45,9.72
000001,2024-07-09 00:00:00,2024-07-09,9.69,9.82,9.85,9.66,103248500,1034316510.76,1.45,0.14,0.53,9.68
000001,2024-07-10 00:00:00,2024-07-10,9.82,9.89,9.95,9.8,87386500,886626727.3,0.71,0.07,0.45,9.82
000001,2024-07-11 00:00:00,2024-07-11,9.96,9.88,9.98,9.82,72139200,731789332.33,-0.1,-0.01,0.37,9.89
000001,2024-07-12 00:00:00,2024-07-12,9.87,10.06,10.06,9.87,121416400,1246877665.6,1.82,0.18,0.63,9.88
000001,2024-07-15 00:00:00,2024-07-15,10.06,10.08,10.1,10.01,86941200,896975833.16,0.2,0.02,0.45,10.06
000001,2024-07-16 00:00:00,2024-07-16,10.08,10.05,10.12,9.99,94300800,971564894.83,-0.3,-0.03,0.49,10.08
000001,2024-07-17 00:00:00,2024-07-17,10.05,10.15,10.17,10.03,122016800,1266412580.0,1.0,0.1,0.63,10.05
000001,2024-07-18 00:00:00,2024-07-18,10.13,10.16,10.18,10.05,108706100,1127365070.67,0.1,0.01,0.56,10.15
000001,2024-07-19 00:00:00,2024-07-19,10.13,10.12,10.17,10.04,89872300,929722661.62,-0.39,-0.04,0.46,10.16
000001,2024-07-22 00:00:00,2024-07-22,10.11,9.98,10.13,9.94,99448100,1018663805.8,-1.38,-0.14,0.51,10.12
000001,2024-07-23 00:00:00,2024-07-23,10.0,9.93,10.08,9.91,102015400,1046994471.4,-0.5,-0.05,0.53,9.98
000001,2024-07-24 00:00:00,2024-07-24,9.93,9.88,9.99,9.87,72451800,736332832.11,-0.5,-0.05,0.37,9.93
000001,2024-07-25 00:00:00,2024-07-25,9.87,9.84,9.9,9.75,85640400,861750365.54,-0.4,-0.04,0.44,9.88
000001,2024-07-26 00:00:00,2024-07-26,9.85,9.78,9.87,9.72,92955200,931879546.46,-0.61,-0.06,0.48,9.84
000001,2024-07-29 00:00:00,2024-07-29,9.77,9.86,9.89,9.72,78155200,788019058.61,0.82,0.08,0.4,9.78
000001,2024-07-30 00:00:00,2024-07-30,9.85,9.83,9.88,9.78,61326800,618056610.32,-0.3,-0.03,0.32,9.86
000001,2024-07-31 00:00:00,2024-07-31,9.83,10.02,10.03,9.82,109690600,1117768674.7,1.93,0.19,0.57,9.83
000001,2024-08-01 00:00:00,2024-08-01,10.0,10.02,10.07,9.92,73388400,752688220.0,0.0,0.0,0.38,10.02
000001,2024-08-02 00:00:00,2024-08-02,9.97,9.89,10.0,9.88,59022900,601173370.84,-1.3,-0.13,0.3,10.02
000001,2024-08-05 00:00:00,2024-08-05,9.86,9.8,9.97,9.8,75897900,768980624.53,-0.91,-0.09,0.39,9.89
000001,2024-08-06 00:00:00,2024-08-06,9.82,9.68,9.87,9.64,126553700,1261997756.88,-1.22,-0.12,0.65,9.8
000001,2024-08-07 00:00:00,2024-08-07,9.7,9.68,9.73,9.66,51760800,514848813.1,0.0,0.0,0.27,9.68
000001,2024-08-08 00:00:00,2024-08-08,9.67,9.69,9.73,9.65,50041100,497548149.01,0.1,0.01,0.26,9.68
000001,2024-08-09 00:00:00,2024-08-09,9.71,9.79,9.85,9.69,73027400,732886455.92,1.03,0.1,0.38,9.69
000001,2024-08-12 00:00:00,2024-08-12,9.77,9.76,9.8,9.73,35301300,353251351.4,-0.31,-0.03,0.18,9.79
000001,2024-08-13 00:00:00,2024-08-13,9.77,9.7,9.78,9.67,62207700,620061491.92,-0.61,-0.06,0.32,9.76
000001,2024-08-14 00:00:00,2024-08-14,9.69,9.67,9.73,9.66,43638000,433380446.81,-0.31,-0.03,0.22,9.7
000001,2024-08-15 00:00:00,2024-08-15,9.67,9.78,9.81,9.62,77624700,775851460.98,1.14,0.11,0.4,9.67
000001,2024-08-16 00:00:00,2024-08-16,9.83,9.88,9.96,9.8,126036800,1277042000.97,1.02,0.1,0.65,9.78
000001,2024-08-19 00:00:00,2024-08-19,9.88,10.04,10.05,9.87,148298500,1520594687.55,1.62,0.16,0.76,9.88
000001,2024-08-20 00:00:00,2024-08-20,10.07,10.09,10.18,10.03,156918700,1623147686.36,0.5,0.05,0.81,10.04
000001,2024-08-21 00:00:00,2024-08-21,10.05,10.1,10.13,9.96,103488800,1068207868.15,0.1,0.01,0.53,10.09
000001,2024-08-22 00:00:00,2024-08-22,10.09,10.13,10.2,10.07,110903000,1153871815.8,0.3,0.03,0.57,10.1
000001,2024-08-23 00:00:00,2024-08-23,10.14,10.22,10.25,10.07,107190600,1117475768.18,0.89,0.09,0.55,10.13
000001,2024-08-26 00:00:00,2024-08-26,10.25,10.24,10.3,10.17,74067500,775921848.78,0.2,0.02,0.38,10.22
000001,2024-08-27 00:00:00,2024-08-27,10.22,10.18,10.27,10.12,72313700,755583764.04,-0.59,-0.06,0.37,10.24
000001,2024-08-28 00:00:00,2024-08-28,10.16,10.08,10.18,10.03,94254800,973872155.01,-0.98,-0.1,0.49,10.18
000001,2024-08-29 00:00:00,2024-08-29,10.06,9.88,10.13,9.86,119767600,1221351092.13,-1.98,-0.2,0.62,10.08
000001,2024-08-30 00:00:00,2024-08-30,9.86,9.91,10.01,9.86,129405900,1318858687.52,0.3,0.03,0.67,9.88
000001,2024-09-02 00:00:00,2024-09-02,9.87,9.86,9.96,9.84,96883600,983898750.95,-0.5,-0.05,0.5,9.91
000001,2024-09-03 00:00:00,2024-09-03,9.86,9.83,9.88,9.75,91658100,920884663.15,-0.3,-0.03,0.47,9.86
000001,2024-09-04 00:00:00,2024-09-04,9.8,9.77,9.9,9.75,84799200,852224669.89,-0.61,-0.06,0.44,9.83
000001,2024-09-05 00:00:00,2024-09-05,9.78,9.82,9.83,9.73,59420900,595845842.53,0.51,0.05,0.31,9.77
000001,2024-09-06 00:00:00,2024-09-06,9.81,9.83,9.96,9.8,87886500,891507833.61,0.1,0.01,0.45,9.82
000001,2024-09-09 00:00:00,2024-09-09,9.8,9.6,9.82,9.59,163917500,1624857668.46,-2.34,-0.23,0.84,9.83
000001,2024-09-10 00:00:00,2024-09-10,9.61,9.65,9.67,9.53,76790100,756124763.92,0.52,0.05,0.4,9.6
000001,2024-09-11 00:00:00,2024-09-11,9.63,9.4,9.63,9.38,110872700,1078602467.68,-2.59,-0.25,0.57,9.65
000001,2024-09-12 00:00:00,2024-09-12,9.4,9.49,9.52,9.36,58183400,564923215.58,0.96,0.09,0.3,9.4
000001,2024-09-13 00:00:00,2024-09-13,9.48,9.45,9.57,9.45,56646200,553269703.6,-0.42,-0.04,0.29,9.49
000001,2024-09-18 00:00:00,2024-09-18,9.47,9.52,9.53,9.41,44361100,431665627.32,0.74,0.07,0.23,9.45
000001,2024-09-19 00:00:00,2024-09-19,9.54,9.56,9.59,9.43,68429300,669341181.7,0.42,0.04,0.35,9.52
000001,2024-09-20 00:00:00,2024-09-20,9.56,9.65,9.65,9.53,79729700,785121198.91,0.94,0.09,0.41,9.56
000001,2024-09-23 00:00:00,2024-09-23,9.64,9.79,9.84,9.62,89690800,897428029.52,1.45,0.14,0.46,9.65
000001,2024-09-24 00:00:00,2024-09-24,9.86,10.12,10.12,9.83,163821300,1678174481.91,3.37,0.33,0.84,9.79
000001,2024-09-25 00:00:00,2024-09-25,10.27,10.25,10.45,10.2,216069400,2285995369.39,1.28,0.13,1.11,10.12
000001,2024-09-26 00:00:00,2024-09-26,10.25,10.9,10.9,10.25,308645700,3341759455.52,6.34,0.65,1.59,10.25
000001,2024-09-27 00:00:00,2024-09-27,11.1,11.17,11.31,10.78,384001600,4337985142.5,2.48,0.27,1.98,10.9
000001,2024-09-30 00:00:00,2024-09-30,11.37,11.96,12.05,11.31,543028400,6467438837.7,7.07,0.79,2.8,11.17
000001,2024-10-08 00:00:00,2024-10-08,13.18,12.63,13.18,12.09,588897800,7602664023.92,5.6,0.67,3.03,11.96
000001,2024-10-09 00:00:00,2024-10-09,12.38,11.43,12.38,11.41,426934500,5172049702.23,-9.5,-1.2,2.2,12.63
000001,2024-10-10 00:00:00,2024-10-10,11.62,11.98,12.26,11.6,342642200,4095573500.64,4.81,0.55,1.77,11.43
000001,2024-10-11 00:00:00,2024-10-11,12.0,11.72,12.17,11.58,207089100,2455848197.41,-2.17,-0.26,1.07,11.98
000001,2024-10-14 00:00:00,2024-10-14,11.98,12.02,12.18,11.79,240059500,2881934271.85,2.56,0.3,1.24,11.72
000001,2024-10-15 00:00:00,2024-10-15,11.94,11.9,12.23,11.88,207284100,2500974426.85,-1.0,-0.12,1.07,12.02
000001,2024-10-16 00:00:00,2024-10-16,11.8,12.06,12.18,11.77,191449400,2301340929.27,1.34,0.16,0.99,11.9
000001,2024-10-17 00:00:00,2024-10-17,12.07,11.95,12.23,11.93,165370800,1993261646.25,-0.91,-0.11,0.85,12.06
000001,2024-10-18 00:00:00,2024-10-18,11.91,12.04,12.18,11.68,260465400,3105820972.95,0.75,0.09,1.34,11.95
000001,2024-10-21 00:00:00,2024-10-21,11.94,11.81,11.94,11.63,280665500,3302020181.42,-1.91,-0.23,1.45,12.04
000001,2024-10-22 00:00:00,2024-10-22,11.76,11.79,11.93,11.72,161778700,1908438724.93,-0.17,-0.02,0.83,11.81
000001,2024-10-23 00:00:00,2024-10-23,11.82,11.86,11.89,11.75,151186600,1787236762.42,0.59,0.07,0.78,11.79
000001,2024-10-24 00:00:00,2024-10-24,11.81,11.75,11.86,11.72,88529900,1042818619.09,-0.93,-0.11,0.46,11.86
000001,2024-10-25 00:00:00,2024-10-25,11.77,11.71,11.78,11.69,110575500,1296844369.04,-0.34,-0.04,0.57,11.75
000001,2024-10-28 00:00:00,2024-10-28,11.68,11.64,11.68,11.53,116948700,1356008963.4,-0.6,-0.07,0.6,11.71
000001,2024-10-29 00:00:00,2024-10-29,11.62,11.54,11.74,11.53,119802500,1391150258.93,-0.86,-0.1,0.62,11.64
000001,2024-10-30 00:00:00,2024-10-30,11.5,11.32,11.58,11.27,148240300,1686501657.86,-1.91,-0.22,0.76,11.54
000001,2024-10-31 00:00:00,2024-10-31,11.33,11.38,11.44,11.24,125020500,1419624319.27,0.53,0.06,0.64,11.32
000001,2024-11-01 00:00:00,2024-11-01,11.38,11.43,11.55,11.34,158981100,1821423447.06,0.44,0.05,0.82,11.38
000001,2024-11-04 00:00:00,2024-11-04,11.43,11.46,11.46,11.26,113151600,1285874126.16,0.26,0.03,0.58,11.43
000001,2024-11-05 00:00:00,2024-11-05,11.42,11.65,11.66,11.39,166541800,1925260700.35,1.66,0.19,0.86,11.46
000001,2024-11-06 00:00:00,2024-11-06,11.62,11.55,11.64,11.47,146228600,1689977500.77,-0.86,-0.1,0.75,11.65
000001,2024-11-07 00:00:00,2024-11-07,11.5,11.91,11.93,11.48,224284400,2627007560.71,3.12,0.36,1.16,11.55
000001,2024-11-08 00:00:00,2024-11-08,11.94,11.72,12.01,11.7,189510400,2239060533.97,-1.6,-0.19,0.98,11.91
000001,2024-11-11 00:00:00,2024-11-11,11.63,11.6,11.68,11.47,148695200,1717961561.94,-1.02,-0.12,0.77,11.72
000001,2024-11-12 00:00:00,2024-11-12,11.58,11.54,11.84,11.51,171766300,2005791407.67,-0.52,-0.06,0.89,11.6
000001,2024-11-13 00:00:00,2024-11-13,11.5,11.61,11.7,11.48,108626300,1260161857.32,0.61,0.07,0.56,11.54
000001,2024-11-14 00:00:00,2024-11-14,11.59,11.54,11.7,11.53,115978300,1348378228.97,-0.6,-0.07,0.6,11.61
000001,2024-11-15 00:00:00,2024-11-15,11.5,11.44,11.61,11.42,121578400,1399308729.48,-0.87,-0.1,0.63,11.54
000001,2024-11-18 00:00:00,2024-11-18,11.63,11.75,12.04,11.62,379732400,4493249093.24,2.71,0.31,1.96,11.44
000001,2024-11-19 00:00:00,2024-11-19,11.75,11.68,11.96,11.55,243003700,2849661696.39,-0.6,-0.07,1.25,11.75
000001,2024-11-20 00:00:00,2024-11-20,11.67,11.64,11.75,11.61,128657200,1498818033.91,-0.34,-0.04,0.66,11.68
000001,2024-11-21 00:00:00,2024-11-21,11.62,11.59,11.65,11.56,88340800,1023998431.68,-0.43,-0.05,0.46,11.64
000001,2024-11-22 00:00:00,2024-11-22,11.59,11.28,11.61,11.28,162531700,1858071592.39,-2.67,-0.31,0.84,11.59
000001,2024-11-25 00:00:00,2024-11-25,11.28,11.18,11.34,11.14,116602000,1310130629.11,-0.89,-0.1,0.6,11.28
000001,2024-11-26 00:00:00,2024-11-26,11.18,11.27,11.31,11.14,83107800,933733854.73,0.81,0.09,0.43,11.18
000001,2024-11-27 00:00:00,2024-11-27,11.24,11.39,11.39,11.15,89517800,1010001963.81,1.06,0.12,0.46,11.27
000001,2024-11-28 00:00:00,2024-11-28,11.39,11.34,11.42,11.32,73316900,833121339.08,-0.44,-0.05,0.38,11.39
000001,2024-11-29 00:00:00,2024-11-29,11.37,11.38,11.46,11.34,102848800,1173316153.6,0.35,0.04,0.53,11.34
000001,2024-12-02 00:00:00,2024-12-02,11.39,11.39,11.4,11.31,97543400,1108785597.4,0.09,0.01,0.5,11.38
000001,2024-12-03 00:00:00,2024-12-03,11.37,11.49,11.5,11.35,108255900,1236992678.1,0.88,0.1,0.56,11.39
000001,2024-12-04 00:00:00,2024-12-04,11.44,11.46,11.53,11.37,100747100,1154623369.68,-0.26,-0.03,0.52,11.49
000001,2024-12-05 00:00:00,2024-12-05,11.44,11.44,11.5,11.41,68710900,786137963.74,-0.17,-0.02,0.35,11.46
